Open;High;Low;Close;Adj Close;Volume
262.000000;267.899994;250.029999;254.259995;254.259995;11896100
247.699997;266.700012;245.000000;265.720001;265.720001;12595800
266.579987;272.450012;264.329987;264.559998;264.559998;8981500
267.079987;267.619995;250.000000;250.100006;250.100006;9306700
253.850006;255.800003;236.110001;249.470001;249.470001;16906900
252.139999;259.149994;249.000000;257.950012;257.950012;8534900
257.290009;261.410004;254.699997;258.269989;258.269989;6855200
260.470001;269.880005;260.329987;266.000000;266.000000;10972000
270.029999;280.500000;267.630005;280.269989;280.269989;10759700
278.730011;281.959991;275.690002;278.519989;278.519989;8312400
277.739990;285.809998;276.609985;278.549988;278.549988;7769000
282.070007;286.640015;280.010010;281.040009;281.040009;9371100
283.880005;284.500000;274.450012;278.140015;278.140015;8891500
281.000000;286.000000;277.809998;285.929993;285.929993;7301800
288.750000;295.649994;287.010010;294.160004;294.160004;10268600
294.769989;297.359985;290.589996;290.609985;290.609985;9416500
293.100006;295.750000;290.779999;291.380005;291.380005;7653500
292.750000;295.250000;283.829987;290.390015;290.390015;11932100
284.649994;301.179993;283.230011;301.049988;301.049988;13345300
302.850006;316.910004;297.600006;315.000000;315.000000;18986100
319.880005;325.790009;316.500000;325.220001;325.220001;18525800
320.000000;323.739990;314.549988;321.160004;321.160004;17132200
322.200012;322.920013;314.130005;317.000000;317.000000;11340100
321.329987;331.440002;320.230011;331.440002;331.440002;14500200
333.559998;333.980011;318.600006;321.299988;321.299988;20369200
323.869995;325.839996;313.279999;315.880005;315.880005;12917200
318.160004;323.880005;317.700012;321.549988;321.549988;10475100
323.170013;323.399994;318.140015;321.089996;321.089996;5642900
321.420013;324.109985;318.369995;318.450012;318.450012;7333700
315.799988;317.000000;307.339996;313.480011;313.480011;9925200
313.260010;319.500000;312.799988;317.500000;317.500000;5991900
316.350006;319.399994;314.510010;316.480011;316.480011;5263900
313.070007;314.119995;305.660004;306.700012;306.700012;8063300
307.410004;309.369995;300.359985;300.940002;300.940002;9529900
309.359985;321.029999;302.000000;320.350006;320.350006;11988300
322.489990;322.899994;297.000000;300.690002;300.690002;12068600
298.390015;298.799988;281.609985;285.769989;285.769989;18972900
287.000000;295.350006;275.899994;295.350006;295.350006;19145500
291.940002;292.869995;275.049988;280.290009;280.290009;13405800
285.450012;291.250000;278.010010;283.670013;283.670013;12694900
273.630005;290.309998;271.220001;288.940002;288.940002;12914000
293.149994;299.160004;289.109985;293.970001;293.970001;10655200
289.100006;298.850006;285.649994;288.850006;288.850006;11444800
291.769989;299.549988;289.119995;289.929993;289.929993;9853600
297.679993;298.950012;291.690002;298.070007;298.070007;10660500
302.880005;311.640015;301.820007;303.670013;303.670013;14877400
309.720001;311.130005;306.750000;309.250000;309.250000;10249400
317.290009;317.489990;308.230011;311.649994;311.649994;12046600
315.989990;316.100006;304.000000;307.779999;307.779999;20307900
329.660004;338.619995;323.769989;336.059998;336.059998;33866500
336.299988;338.820007;331.100006;334.519989;334.519989;11221100
332.880005;335.309998;326.769989;332.700012;332.700012;8438800
332.220001;336.510010;326.000000;327.769989;327.769989;9158700
329.149994;331.220001;317.079987;318.690002;318.690002;8968000
319.220001;320.250000;302.309998;307.019989;307.019989;13893200
306.369995;309.980011;292.619995;305.760010;305.760010;14919700
310.000000;316.630005;305.579987;313.980011;313.980011;9266700
316.250000;317.450012;306.500000;311.760010;311.760010;7074400
311.070007;317.880005;310.119995;312.459991;312.459991;6088800
310.359985;313.480011;306.690002;313.299988;313.299988;6036600
311.649994;317.100006;310.399994;313.359985;313.359985;5697100
312.589996;312.589996;305.730011;311.690002;311.690002;6135800
308.709991;320.980011;307.670013;320.089996;320.089996;8209500
321.989990;329.019989;319.339996;326.260010;326.260010;7117800
325.899994;327.350006;323.049988;326.890015;326.890015;4735700
328.790009;331.950012;327.510010;330.299988;330.299988;5633400
331.500000;332.059998;327.339996;329.600006;329.600006;5302300
329.649994;331.260010;324.869995;326.459991;326.459991;4589700
327.250000;330.500000;327.040009;328.529999;328.529999;4089800
325.940002;326.940002;322.429993;326.130005;326.130005;4746100
326.279999;329.720001;325.140015;328.190002;328.190002;3671700
327.529999;330.450012;323.170013;325.220001;325.220001;4935700
324.899994;326.420013;322.799988;324.179993;324.179993;3577700
327.109985;331.880005;325.450012;331.820007;331.820007;6657300
334.049988;336.630005;331.149994;331.619995;331.619995;5964400
329.040009;345.000000;328.089996;344.720001;344.720001;10049100
344.339996;354.000000;341.119995;349.290009;349.290009;14758600
349.899994;354.359985;348.829987;351.290009;351.290009;7817400
351.500000;356.100006;346.709991;349.730011;349.730011;9717900
352.369995;354.000000;349.260010;353.540009;353.540009;5685500
353.799988;355.529999;350.209991;351.600006;351.600006;6921700
353.880005;359.989990;352.820007;359.929993;359.929993;7112300
362.679993;363.000000;355.510010;361.809998;361.809998;7682000
363.320007;369.829987;361.410004;365.799988;365.799988;8358000
367.779999;369.679993;363.329987;367.450012;367.450012;7712300
368.540009;368.700012;357.799988;361.399994;361.399994;8278000
358.059998;362.390015;356.250000;360.570007;360.570007;5225700
361.880005;365.670013;360.910004;361.450012;361.450012;4432400
363.600006;365.980011;362.000000;363.829987;363.829987;4291000
367.529999;384.250000;364.109985;379.929993;379.929993;18222800
384.269989;395.029999;383.250000;392.869995;392.869995;14598300
390.709991;398.859985;387.510010;391.980011;391.980011;13588100
387.720001;393.160004;386.500000;390.399994;390.399994;6824800
389.500000;405.290009;388.500000;404.980011;404.980011;16697100
415.149994;419.470001;409.600006;416.760010;416.760010;16494600
421.380005;423.209991;406.369995;415.440002;415.440002;18389900
419.980011;420.500000;409.649994;411.089996;411.089996;10428600
404.690002;405.989990;378.750000;384.480011;384.480011;22490900
393.279999;404.779999;389.049988;399.390015;399.390015;15191200
407.559998;411.589996;390.000000;390.390015;390.390015;16541400
395.000000;396.899994;387.100006;395.420013;395.420013;12219900
399.190002;401.329987;390.549988;391.429993;391.429993;9252500
385.450012;398.380005;380.000000;398.179993;398.179993;8142500
399.489990;399.980011;389.500000;390.519989;390.519989;5280300
393.799988;399.239990;390.859985;398.390015;398.390015;8448900
397.450012;408.649994;395.519989;408.250000;408.250000;8629600
415.950012;419.119995;411.100006;418.970001;418.970001;11127500
417.239990;419.440002;413.079987;415.630005;415.630005;9382900
411.339996;419.769989;410.600006;418.649994;418.649994;9713900
415.160004;416.790009;407.799988;413.500000;413.500000;12743300
409.190002;410.000000;395.079987;395.799988;395.799988;15719000
398.980011;403.359985;391.750000;400.480011;400.480011;22960000
346.950012;385.000000;344.000000;379.480011;379.480011;58410400
381.239990;383.130005;372.359985;375.130005;375.130005;21746300
371.059998;375.750000;363.000000;364.230011;364.230011;16878700
364.920013;370.500000;360.140015;361.049988;361.049988;15096700
359.149994;363.899994;353.600006;362.660004;362.660004;11505200
366.940002;367.399994;354.559998;357.320007;357.320007;12851500
357.570007;363.279999;355.649994;362.869995;362.869995;8467800
358.190002;365.540009;356.630005;363.089996;363.089996;6993700
366.850006;367.000000;351.649994;355.209991;355.209991;8949500
351.929993;352.029999;334.019989;334.959991;334.959991;18260700
331.510010;342.500000;328.000000;337.450012;337.450012;14085400
335.869995;344.410004;334.019989;338.380005;338.380005;7790500
337.230011;345.000000;334.709991;344.500000;344.500000;7131300
347.750000;347.859985;338.480011;343.089996;343.089996;8848400
342.869995;351.980011;341.739990;350.920013;350.920013;8198100
353.230011;357.309998;349.010010;351.829987;351.829987;7970900
352.209991;352.290009;346.609985;347.609985;347.609985;5394700
347.959991;352.440002;345.820007;349.359985;349.359985;4820300
346.910004;349.100006;344.420013;345.869995;345.869995;4328400
339.890015;347.190002;339.070007;341.309998;341.309998;6888900
342.089996;342.410004;336.250000;337.489990;337.489990;5805200
334.029999;335.500000;321.000000;326.399994;326.399994;11784500
329.899994;331.170013;321.209991;322.440002;322.440002;6689700
319.010010;324.369995;312.959991;316.779999;316.779999;10407900
314.640015;331.600006;310.929993;327.730011;327.730011;13591100
331.000000;341.500000;329.700012;338.019989;338.019989;14783200
338.489990;346.209991;337.410004;344.440002;344.440002;8930700
348.109985;350.079987;337.649994;339.170013;339.170013;11336400
346.000000;359.149994;344.540009;358.820007;358.820007;14729100
367.149994;374.489990;360.000000;364.579987;364.579987;17427300
367.230011;369.989990;360.380005;368.489990;368.489990;9222600
367.200012;369.859985;362.910004;368.040009;368.040009;8118700
365.000000;376.809998;363.540009;370.980011;370.980011;10981000
370.660004;376.000000;367.079987;367.679993;367.679993;7943400
366.470001;368.880005;361.260010;363.600006;363.600006;7605200
360.000000;363.390015;335.829987;341.179993;341.179993;13092800
347.440002;356.000000;341.989990;346.459991;346.459991;13050200
342.200012;355.750000;341.250000;348.679993;348.679993;9105800
352.269989;352.500000;343.079987;348.410004;348.410004;5752200
344.670013;356.149994;343.899994;355.929993;355.929993;6198100
359.079987;370.429993;356.239990;369.950012;369.950012;10480800
371.910004;374.089996;366.839996;368.149994;368.149994;8366100
368.549988;371.089996;363.459991;364.559998;364.559998;4756400
364.220001;367.329987;349.570007;350.350006;350.350006;7071900
353.670013;368.149994;351.559998;367.649994;367.649994;10414000
373.950012;377.609985;359.170013;366.959991;366.959991;11876800
370.260010;370.260010;363.170013;365.359985;365.359985;6768100
366.589996;372.220001;360.739990;361.190002;361.190002;11930600
359.000000;373.640015;354.329987;369.609985;369.609985;9322500
370.230011;371.339996;364.489990;369.429993;369.429993;6799800
373.589996;382.000000;370.880005;377.880005;377.880005;13799700
379.869995;383.200012;376.000000;380.709991;380.709991;7326200
379.239990;380.799988;373.730011;374.130005;374.130005;7114900
375.850006;386.109985;375.589996;381.429993;381.429993;8376600
384.380005;386.799988;373.829987;377.140015;377.140015;8638700
378.529999;380.929993;374.880005;377.049988;377.049988;5798600
375.880005;375.920013;360.399994;363.649994;363.649994;9074400
359.769989;363.500000;343.000000;351.350006;351.350006;13523000
345.179993;352.950012;338.109985;349.100006;349.100006;12375500
348.480011;358.720001;347.089996;355.709991;355.709991;8755000
353.519989;355.149994;325.390015;325.890015;325.890015;17183100
324.940002;334.200012;315.809998;321.100006;321.100006;16082100
339.570007;341.299988;328.899994;339.559998;339.559998;14870800
337.630005;339.209991;326.929993;333.130005;333.130005;11215000
337.239990;347.950012;330.559998;346.399994;346.399994;20156400
378.329987;380.000000;356.500000;364.700012;364.700012;32610900
360.670013;362.200012;346.049988;346.709991;346.709991;18461000
351.000000;355.799988;332.200012;332.670013;332.670013;16717200
333.100006;335.799988;320.339996;329.540009;329.540009;17097200
318.000000;336.579987;316.769989;333.160004;333.160004;14907300
332.279999;333.000000;300.730011;301.829987;301.829987;19039300
307.119995;319.940002;305.250000;312.869995;312.869995;13346900
300.510010;313.989990;292.299988;299.829987;299.829987;19616000
305.260010;307.890015;275.399994;284.839996;284.839996;21698800
275.570007;290.519989;271.209991;285.809998;285.809998;23685700
297.769989;311.500000;295.049988;301.779999;301.779999;20360300
304.589996;318.450012;296.670013;317.380005;317.380005;15121500
318.000000;321.880005;308.329987;309.100006;309.100006;13404600
311.100006;317.529999;303.739990;315.440002;315.440002;10283000
314.760010;320.220001;305.299988;310.839996;310.839996;9710400
312.899994;328.559998;311.000000;327.500000;327.500000;13328300
328.000000;332.049988;316.609985;317.920013;317.920013;11023900
311.070007;312.980011;298.010010;303.470001;303.470001;13480800
300.000000;302.489990;290.630005;294.070007;294.070007;10924800
295.000000;303.549988;289.100006;294.399994;294.399994;12232200
300.399994;301.839996;278.299988;286.730011;286.730011;16853600
285.510010;292.500000;282.160004;290.059998;290.059998;9967100
287.140015;291.720001;281.000000;286.209991;286.209991;9099500
283.790009;285.089996;269.149994;270.600006;270.600006;12993800
254.630005;276.339996;250.000000;266.980011;266.980011;16693800
274.420013;275.339996;261.510010;262.130005;262.130005;11023000
260.109985;265.500000;256.839996;258.820007;258.820007;5245100
260.549988;266.250000;253.800003;261.429993;261.429993;12498600
259.239990;269.079987;256.140015;266.630005;266.630005;11149500
271.980011;284.000000;263.339996;282.649994;282.649994;14801300
282.320007;290.489990;275.500000;288.750000;288.750000;15431500
288.000000;290.809998;283.059998;286.130005;286.130005;11860100
293.190002;298.720001;284.579987;290.299988;290.299988;14117400
288.130005;295.739990;274.720001;275.329987;275.329987;12800600
268.329987;283.220001;267.140015;282.880005;282.880005;13074300
282.480011;284.209991;263.380005;265.140015;265.140015;12466700
264.190002;271.179993;260.609985;269.700012;269.700012;9605600
274.079987;274.500000;262.760010;265.320007;265.320007;9843200
267.660004;281.769989;266.480011;274.880005;274.880005;11456700
277.640015;279.320007;271.850006;276.019989;276.019989;8379300
271.809998;277.670013;265.000000;266.839996;266.839996;9915300
266.510010;272.980011;261.079987;262.799988;262.799988;9634700
263.299988;275.750000;263.290009;270.940002;270.940002;10350100
269.959991;280.869995;263.769989;266.769989;266.769989;13788400
264.640015;269.899994;251.880005;260.579987;260.579987;16792900
263.829987;264.500000;241.289993;246.389999;246.389999;21397600
242.000000;250.649994;233.679993;233.880005;233.880005;9547600
233.919998;254.500000;231.229996;253.669998;253.669998;14402700
250.110001;255.589996;240.100006;255.570007;255.570007;12235200
257.940002;261.910004;249.800003;256.079987;256.079987;10992800
260.160004;270.100006;260.000000;267.660004;267.660004;13508900
259.279999;269.750000;256.579987;267.660004;267.660004;11679500
270.200012;275.790009;264.429993;271.200012;271.200012;14969600
281.880005;297.799988;278.540009;297.570007;297.570007;19330100
302.100006;316.799988;301.649994;315.339996;315.339996;18620100
319.980011;320.589996;308.010010;320.269989;320.269989;15359200
317.709991;323.350006;313.500000;319.959991;319.959991;13343200
314.570007;325.369995;312.500000;324.660004;324.660004;13472500
330.959991;341.089996;328.519989;337.589996;337.589996;19500400
334.239990;335.480011;329.130005;332.940002;332.940002;10499600
349.600006;357.220001;347.000000;354.640015;354.640015;21181200
354.000000;358.850006;348.109985;351.390015;351.390015;15385500
349.500000;355.790009;346.410004;353.190002;353.190002;18871200
351.970001;353.000000;336.730011;339.100006;339.100006;26621000
334.890015;336.880005;321.029999;325.160004;325.160004;17941400
328.250000;331.750000;318.600006;321.989990;321.989990;13480100
320.600006;331.799988;319.000000;326.670013;326.670013;11131600
328.720001;340.000000;328.510010;338.049988;338.049988;11152900
334.700012;336.299988;328.880005;335.660004;335.660004;8652100
335.869995;338.220001;328.149994;328.899994;328.899994;7655200
332.750000;341.779999;330.799988;340.660004;340.660004;9234500
339.679993;345.989990;338.089996;339.500000;339.500000;8535500
337.179993;346.839996;336.500000;339.850006;339.850006;9827800
342.600006;352.000000;341.299988;351.339996;351.339996;9051400
353.200012;360.000000;352.899994;355.809998;355.809998;9046600
357.000000;357.040009;347.190002;352.190002;352.190002;6717700
347.899994;348.750000;339.019989;344.709991;344.709991;7864500
338.000000;348.000000;338.000000;347.570007;347.570007;7561400
350.000000;352.869995;344.809998;345.730011;345.730011;5454900
348.089996;360.000000;346.519989;359.970001;359.970001;10429400
357.299988;359.600006;350.279999;351.769989;351.769989;10559100
351.750000;360.450012;348.329987;359.070007;359.070007;9295300
358.470001;364.399994;355.500000;356.869995;356.869995;9230000
355.799988;365.000000;355.320007;361.920013;361.920013;7396600
364.850006;366.709991;356.700012;359.910004;359.910004;8110700
360.029999;362.850006;353.880005;356.970001;356.970001;6227900
360.339996;366.130005;360.049988;363.019989;363.019989;7088200
367.010010;371.489990;363.790009;363.910004;363.910004;7569300
362.980011;365.700012;359.329987;364.970001;364.970001;4944600
363.500000;368.029999;359.799988;362.869995;362.869995;5629900
362.470001;366.390015;357.709991;358.100006;358.100006;6186800
362.260010;362.869995;354.690002;357.320007;357.320007;5526500
359.720001;362.250000;348.040009;351.040009;351.040009;7487000
351.459991;356.170013;348.250000;354.299988;354.299988;5937800
353.600006;359.880005;351.700012;359.609985;359.609985;6211900
360.160004;362.859985;350.500000;352.600006;352.600006;6151300
345.750000;349.920013;342.470001;349.600006;349.600006;6898800
352.000000;358.980011;350.029999;358.859985;358.859985;5387300
359.369995;360.130005;353.799988;356.269989;356.269989;5164600
355.809998;362.480011;352.769989;361.209991;361.209991;6444100
360.500000;363.839996;358.100006;358.820007;358.820007;5271400
361.019989;364.000000;358.890015;361.459991;361.459991;8444500
362.470001;370.970001;361.859985;363.440002;363.440002;7194700
366.399994;366.959991;356.799988;358.779999;358.779999;7541400
358.910004;375.899994;357.010010;375.220001;375.220001;10917200
374.000000;379.000000;370.609985;377.869995;377.869995;8544000
375.950012;376.429993;360.040009;361.010010;361.010010;8661300
359.000000;367.040009;357.440002;366.230011;366.230011;8473800
367.869995;368.380005;358.019989;359.970001;359.970001;7666500
361.000000;362.470001;350.369995;353.369995;353.369995;7852400
354.489990;355.940002;349.200012;354.609985;354.609985;4361000
357.160004;358.250000;353.709991;356.559998;356.559998;4705600
359.000000;368.329987;358.510010;366.959991;366.959991;7036100
366.250000;368.420013;362.220001;367.720001;367.720001;5158700
369.260010;373.410004;366.190002;369.750000;369.750000;5368900
370.070007;372.049988;362.399994;367.880005;367.880005;4627300
369.000000;369.799988;364.660004;365.489990;365.489990;3905500
365.109985;365.940002;359.929993;361.410004;361.410004;4653800
360.540009;366.739990;359.000000;364.709991;364.709991;5439200
365.790009;368.850006;362.250000;363.920013;363.920013;4545600
365.000000;370.119995;360.809998;367.649994;367.649994;6526900
360.690002;361.750000;349.359985;351.140015;351.140015;15646200
350.709991;352.209991;342.269989;348.869995;348.869995;8842300
355.000000;364.480011;352.720001;359.459991;359.459991;18740200
365.049988;368.760010;350.600006;354.739990;354.739990;18054100
355.000000;360.410004;351.640015;360.350006;360.350006;8353200
359.700012;377.690002;359.000000;377.339996;377.339996;11980500
375.450012;384.799988;374.709991;381.890015;381.890015;10089800
381.070007;381.899994;373.269989;374.230011;374.230011;6541900
374.489990;374.760010;365.700012;368.329987;368.329987;6255500
368.350006;375.140015;366.239990;374.850006;374.850006;5621900
373.679993;374.579987;369.119995;371.829987;371.829987;3821700
369.559998;374.500000;368.350006;370.540009;370.540009;3870100
374.000000;385.989990;373.170013;378.809998;378.809998;9257300
378.000000;383.500000;374.510010;379.059998;379.059998;5398200
381.529999;385.029999;378.269989;385.029999;385.029999;5130300
377.690002;381.350006;376.000000;378.670013;378.670013;5793100
377.000000;379.910004;365.809998;370.459991;370.459991;6974900
367.920013;369.000000;361.359985;364.369995;364.369995;6572000
360.899994;364.200012;352.750000;362.750000;362.750000;5882600
361.619995;365.260010;353.059998;361.040009;361.040009;5657100
352.290009;354.260010;343.100006;345.260010;345.260010;8026700
348.709991;349.950012;342.500000;345.609985;345.609985;5353000
343.339996;356.500000;341.390015;354.989990;354.989990;6340100
356.369995;364.000000;353.940002;359.309998;359.309998;6441500
356.390015;359.619995;353.790009;354.450012;354.450012;4725400
351.230011;352.420013;345.399994;348.109985;348.109985;4621500
350.950012;356.429993;349.929993;354.269989;354.269989;4026400
358.010010;370.459991;357.299988;359.730011;359.730011;6229400
355.500000;357.420013;347.700012;352.209991;352.209991;5630400
355.410004;359.440002;353.790009;354.390015;354.390015;3831000
354.390015;361.200012;353.649994;355.059998;355.059998;4717100
353.600006;353.850006;345.899994;349.190002;349.190002;5658900
350.549988;354.209991;348.299988;351.850006;351.850006;4008000
347.220001;349.339996;342.920013;343.279999;343.279999;5023400
343.559998;347.660004;332.649994;336.630005;336.630005;7849600
345.000000;353.609985;343.250000;353.399994;353.399994;7891600
354.380005;357.880005;348.709991;355.730011;355.730011;5020100
354.839996;358.209991;352.089996;357.130005;357.130005;3710000
357.390015;365.149994;355.690002;360.869995;360.869995;4777300
363.649994;367.100006;349.290009;352.010010;352.010010;7810300
355.000000;357.579987;348.500000;351.269989;351.269989;5396700
351.820007;353.609985;343.230011;345.559998;345.559998;4584700
347.230011;348.500000;339.250000;343.429993;343.429993;6209300
341.630005;343.399994;336.160004;339.730011;339.730011;5019000
342.690002;351.769989;342.059998;350.619995;350.619995;5358200
355.570007;361.500000;353.750000;357.119995;357.119995;5428500
361.720001;364.739990;356.119995;363.519989;363.519989;5667200
365.910004;370.119995;361.220001;365.209991;365.209991;5899500
365.000000;371.450012;365.000000;369.209991;369.209991;7448400
370.269989;375.000000;370.200012;371.040009;371.040009;4830200
370.750000;371.000000;358.290009;360.299988;360.299988;5750400
361.600006;366.790009;361.600006;362.200012;362.200012;3669700
363.200012;370.850006;363.200012;370.019989;370.019989;4138600
370.260010;371.540009;364.869995;367.320007;367.320007;4592700
373.500000;376.660004;372.000000;374.600006;374.600006;4992600
374.890015;376.000000;370.309998;375.429993;375.429993;3625000
376.690002;381.989990;375.839996;381.720001;381.720001;3799000
378.290009;381.399994;375.559998;380.549988;380.549988;3732200
378.190002;378.250000;375.359985;376.160004;376.160004;3113400
379.059998;384.760010;377.500000;379.929993;379.929993;6932800
382.769989;384.339996;362.679993;381.000000;381.000000;5878800
381.100006;384.540009;378.799988;379.500000;379.500000;4336300
378.679993;379.739990;372.790009;373.250000;373.250000;6636900
372.940002;373.679993;362.299988;366.600006;366.600006;7944700
370.089996;371.339996;364.920013;365.989990;365.989990;5863200
366.250000;366.500000;361.750000;362.440002;362.440002;13639500
323.760010;329.850006;320.299988;325.209991;325.209991;31287100
323.399994;325.850006;314.230011;315.100006;315.100006;16302500
312.000000;314.540009;305.809998;310.619995;310.619995;17718000
311.440002;313.500000;306.000000;307.299988;307.299988;9171100
310.510010;319.989990;307.250000;317.940002;317.940002;11961800
318.859985;327.690002;316.299988;326.459991;326.459991;10798500
328.790009;336.000000;327.500000;335.779999;335.779999;10847500
335.980011;336.399994;328.769989;332.700012;332.700012;5782800
329.200012;329.649994;323.230011;325.929993;325.929993;6029300
325.160004;331.769989;318.529999;322.989990;322.989990;6259500
324.250000;328.579987;318.739990;319.500000;319.500000;6563200
317.489990;319.410004;311.799988;318.829987;318.829987;6280300
310.959991;313.420013;304.679993;307.630005;307.630005;8692500
310.579987;311.880005;305.299988;310.100006;310.100006;6179100
302.559998;305.000000;296.809998;304.290009;304.290009;9322400
311.029999;316.359985;306.630005;315.899994;315.899994;5905900
313.739990;316.640015;305.679993;308.929993;308.929993;5349100
305.459991;312.890015;303.239990;310.829987;310.829987;6531700
309.769989;316.429993;308.160004;312.279999;312.279999;5289400
308.010010;308.410004;298.010010;299.109985;299.109985;7355800
299.500000;300.630005;288.000000;295.760010;295.760010;9629200
298.859985;303.549988;296.269989;302.799988;302.799988;6905800
306.250000;311.750000;304.750000;309.380005;309.380005;4942200
304.570007;305.000000;297.679993;298.989990;298.989990;7349900
301.609985;302.880005;296.200012;297.809998;297.809998;5685400
298.649994;300.329987;293.149994;296.929993;296.929993;4974200
295.000000;299.010010;290.320007;291.440002;291.440002;6324900
295.239990;296.950012;292.500000;294.980011;294.980011;4695700
294.540009;296.769989;287.200012;291.029999;291.029999;6309400
289.470001;292.820007;287.750000;291.769989;291.769989;3955700
295.000000;299.929993;294.989990;296.779999;296.779999;4388500
298.779999;298.940002;290.850006;293.750000;293.750000;4446400
290.820007;293.899994;288.059998;289.290009;289.290009;3682800
291.250000;292.380005;286.510010;291.519989;291.519989;4652500
285.320007;293.970001;282.790009;293.250000;293.250000;8966800
293.350006;293.350006;287.029999;290.170013;290.170013;5166600
294.809998;301.549988;290.600006;294.339996;294.339996;8232700
291.160004;297.170013;282.660004;287.989990;287.989990;12320200
285.700012;292.649994;284.609985;288.269989;288.269989;7405900
288.100006;292.730011;286.600006;288.859985;288.859985;5010900
290.609985;296.619995;290.040009;294.149994;294.149994;6583100
294.230011;297.429993;289.779999;294.290009;294.290009;5307400
294.500000;299.149994;291.790009;298.600006;298.600006;4777100
294.989990;296.049988;287.450012;291.559998;291.559998;7811100
291.559998;293.809998;283.399994;286.600006;286.600006;8461300
280.260010;282.500000;266.000000;270.750000;270.750000;23832800
268.350006;273.390015;261.890015;265.920013;265.920013;13478600
262.500000;265.000000;252.279999;254.589996;254.589996;16338200
255.710007;266.600006;253.699997;264.750000;264.750000;11643800
266.420013;268.049988;260.200012;263.309998;263.309998;7684000
266.179993;267.440002;260.390015;263.079987;263.079987;7328300
264.000000;268.880005;262.779999;267.619995;267.619995;6727200
267.350006;272.200012;264.029999;269.579987;269.579987;8650300
263.609985;269.350006;262.190002;268.029999;268.029999;7659100
267.779999;268.839996;257.010010;268.149994;268.149994;8951000
268.200012;275.480011;266.470001;272.790009;272.790009;9890400
271.989990;276.679993;271.279999;274.459991;274.459991;6525600
273.029999;275.529999;270.640015;270.720001;270.720001;6276400
270.019989;271.000000;264.570007;267.529999;267.529999;6794400
265.970001;280.529999;265.029999;280.480011;280.480011;10809100
284.799988;287.869995;282.339996;282.929993;282.929993;8786100
283.929993;286.929993;282.000000;285.529999;285.529999;5513200
283.820007;285.869995;279.399994;284.250000;284.250000;7685600
283.119995;288.170013;280.739990;286.279999;286.279999;16175900
304.489990;308.750000;288.299988;293.350006;293.350006;38258900
289.359985;290.899994;273.359985;275.299988;275.299988;23429900
272.890015;279.940002;269.000000;278.049988;278.049988;12599200
271.160004;275.410004;265.799988;266.690002;266.690002;11802400
268.059998;273.920013;266.630005;271.269989;271.269989;7133500
271.809998;274.019989;268.799988;271.500000;271.500000;4827400
270.679993;277.769989;270.179993;276.820007;276.820007;4747800
278.049988;285.750000;277.350006;281.859985;281.859985;6248400
281.869995;284.410004;277.549988;281.209991;281.209991;4356200
284.339996;293.489990;283.000000;291.450012;291.450012;9345600
291.000000;291.450012;284.779999;287.410004;287.410004;5090000
288.700012;289.119995;283.019989;286.809998;286.809998;5594300
288.000000;295.390015;287.160004;292.859985;292.859985;5566200
289.989990;291.190002;286.309998;288.029999;288.029999;4062400
288.190002;290.559998;285.839996;288.589996;288.589996;3438300
290.700012;298.190002;288.269989;289.570007;289.570007;5928500
288.730011;293.989990;287.510010;291.570007;291.570007;4509000
289.160004;296.359985;288.500000;294.179993;294.179993;3944300
295.320007;295.350006;288.700012;292.010010;292.010010;5772800
291.029999;293.410004;281.140015;283.109985;283.109985;9158900
283.250000;290.630005;283.220001;289.619995;289.619995;6529000
290.589996;295.820007;287.570007;295.029999;295.029999;6333800
296.000000;304.989990;293.279999;302.570007;302.570007;8616600
304.010010;305.670013;298.519989;302.600006;302.600006;5918000
301.010010;308.250000;301.000000;305.160004;305.160004;5111800
306.000000;312.690002;304.260010;311.690002;311.690002;7488400
309.100006;311.399994;304.410004;310.480011;310.480011;5970100
308.829987;315.730011;305.250000;315.549988;315.549988;7873900
315.000000;316.500000;311.690002;312.489990;312.489990;5321000
313.929993;316.820007;312.750000;315.929993;315.929993;4096900
315.779999;316.619995;313.339996;314.660004;314.660004;2411700
314.390015;314.390015;303.750000;309.989990;309.989990;6218800
302.220001;307.359985;301.880005;306.160004;306.160004;4992800
308.429993;308.429993;303.269989;304.320007;304.320007;3512100
305.269989;306.480011;298.809998;302.859985;302.859985;4615500
304.700012;307.850006;302.600006;307.350006;307.350006;4457800
307.350006;311.489990;302.440002;302.500000;302.500000;5748400
296.119995;298.940002;292.019989;293.119995;293.119995;10476100
294.489990;299.429993;294.200012;298.929993;298.929993;5589800
295.670013;299.170013;295.059998;298.440002;298.440002;4766600
298.500000;301.799988;297.250000;298.500000;298.500000;3879700
300.850006;305.709991;298.630005;304.209991;304.209991;4658900
307.359985;316.799988;306.600006;315.480011;315.480011;10427100
316.260010;325.359985;315.600006;320.799988;320.799988;11207400
324.500000;332.829987;324.179993;332.220001;332.220001;9822300
335.000000;338.000000;330.600006;336.899994;336.899994;9914900
337.760010;337.950012;331.019989;333.100006;333.100006;5765300
334.010010;335.700012;331.600006;333.200012;333.200012;2019300
334.600006;336.459991;332.010010;332.630005;332.630005;3589900
332.959991;333.820007;326.010010;329.089996;329.089996;5036100
329.079987;329.190002;322.859985;323.309998;323.309998;4311500
322.000000;324.920013;321.089996;323.570007;323.570007;3713300
326.100006;329.980011;324.779999;329.809998;329.809998;4485800
326.779999;329.859985;325.529999;325.899994;325.899994;3806900
323.119995;336.359985;321.200012;335.829987;335.829987;5663100
336.470001;336.700012;330.299988;330.750000;330.750000;4703200
331.489990;342.700012;331.049988;339.260010;339.260010;7104500
342.000000;343.420013;334.609985;335.660004;335.660004;4709300
337.130005;338.500000;327.269989;329.049988;329.049988;4718300
331.799988;340.850006;331.510010;338.920013;338.920013;6290000
344.399994;345.380005;335.519989;338.690002;338.690002;7199400
338.679993;343.170013;336.600006;339.070007;339.070007;5158000
343.500000;343.559998;335.850006;338.619995;338.619995;5016000
341.000000;341.570007;337.380005;339.670013;339.670013;6066500
340.000000;341.000000;332.589996;338.109985;338.109985;14350300
332.549988;336.299988;323.600006;326.000000;326.000000;21730000
326.040009;349.880005;325.010010;349.600006;349.600006;18200300
348.459991;359.850006;345.880005;353.160004;353.160004;17939700
345.950012;351.899994;341.019989;342.880005;342.880005;7709500
345.880005;352.399994;342.779999;348.519989;348.519989;6821600
349.000000;349.399994;338.549988;343.160004;343.160004;7643500
341.100006;348.200012;339.250000;347.739990;347.739990;5328100
347.390015;347.390015;340.980011;345.089996;345.089996;5230000
347.239990;359.630005;346.279999;358.000000;358.000000;6670600
361.000000;369.570007;356.100006;369.010010;369.010010;7161500
375.130005;375.250000;362.299988;369.670013;369.670013;6437000
369.600006;371.549988;362.510010;366.950012;366.950012;3920400
365.040009;371.799988;363.570007;366.769989;366.769989;4385200
365.000000;374.799988;362.519989;371.070007;371.070007;5294100
373.750000;378.109985;369.720001;373.690002;373.690002;4772900
377.179993;380.619995;375.880005;380.010010;380.010010;4624800
376.959991;385.369995;376.510010;381.399994;381.399994;4485400
381.470001;385.149994;379.429993;380.399994;380.399994;3736300
379.299988;389.540009;379.190002;387.779999;387.779999;5173900
388.119995;392.950012;384.899994;386.190002;386.190002;4896400
386.559998;389.700012;376.679993;386.000000;386.000000;4079400
385.329987;387.320007;377.899994;380.070007;380.070007;3930100
364.760010;372.820007;361.000000;368.700012;368.700012;6936400
372.000000;375.649994;357.720001;360.089996;360.089996;6481200
366.309998;382.000000;365.000000;379.239990;379.239990;8934100
371.459991;391.559998;370.600006;371.709991;371.709991;10967700
364.209991;376.769989;356.799988;369.029999;369.029999;11168600
373.109985;381.359985;364.500000;381.049988;381.049988;6997900
381.029999;393.519989;367.399994;368.769989;368.769989;8364600
377.769989;384.010010;370.510010;383.790009;383.790009;5487300
381.000000;391.399994;368.640015;372.779999;372.779999;8747000
367.700012;371.309998;356.850006;368.970001;368.970001;8147200
343.859985;357.470001;341.720001;346.489990;346.489990;7405500
356.429993;364.540009;347.850006;364.130005;364.130005;7604400
358.920013;362.980011;344.790009;349.920013;349.920013;6036000
326.500000;335.720001;307.320007;315.250000;315.250000;12071600
330.510010;336.420013;307.390015;336.299988;336.299988;9458200
306.630005;334.350006;294.750000;298.839996;298.839996;10559900
306.190002;322.899994;290.250000;319.750000;319.750000;10013900
302.399994;331.579987;300.000000;315.470001;315.470001;12593600
324.329987;348.510010;316.820007;332.029999;332.029999;10616000
342.309998;350.489990;332.000000;332.829987;332.829987;10853800
347.890015;366.109985;340.880005;360.269989;360.269989;13449400
369.989990;372.929993;353.029999;357.320007;357.320007;11638700
361.019989;362.000000;339.170013;342.390015;342.390015;8767200
344.000000;363.839996;341.730011;362.989990;362.989990;7229600
359.089996;368.559998;353.000000;357.119995;357.119995;7948800
363.000000;377.799988;361.170013;370.959991;370.959991;8622000
367.929993;383.010010;366.440002;375.500000;375.500000;9366500
376.049988;380.230011;361.019989;364.079987;364.079987;6672500
364.079987;370.989990;360.059998;370.079987;370.079987;4592500
367.470001;370.899994;357.510010;361.760010;361.760010;4860800
365.220001;380.290009;361.709991;379.959991;379.959991;8183900
380.000000;381.329987;369.339996;372.279999;372.279999;7046400
374.010010;378.390015;368.309998;371.119995;371.119995;6908900
371.059998;372.100006;363.029999;370.720001;370.720001;7711300
371.309998;400.510010;367.700012;396.720001;396.720001;11692900
397.500000;417.820007;394.850006;413.549988;413.549988;11581000
413.000000;434.980011;412.250000;426.750000;426.750000;13561200
437.000000;449.519989;431.609985;439.170013;439.170013;16128700
431.000000;432.000000;414.700012;422.959991;422.959991;12616300
435.170013;444.489990;430.559998;437.489990;437.489990;12655800
444.769989;447.000000;425.600006;433.829987;433.829987;23177600
429.730011;433.000000;413.000000;421.420013;421.420013;21084800
419.260010;438.410004;419.260010;426.700012;426.700012;13952300
425.000000;427.170013;415.880005;424.989990;424.989990;8658900
425.000000;429.000000;420.839996;421.380005;421.380005;6277500
419.989990;421.000000;402.910004;403.829987;403.829987;10101200
399.529999;415.859985;393.600006;411.890015;411.890015;9693100
410.309998;424.440002;408.000000;419.850006;419.850006;7954000
415.100006;427.970001;411.730011;415.269989;415.269989;8299900
417.779999;428.540009;414.869995;428.149994;428.149994;7799100
427.559998;431.000000;421.559998;424.679993;424.679993;6286300
429.299988;439.769989;426.390015;434.260010;434.260010;6660700
436.890015;438.880005;430.660004;436.529999;436.529999;5641900
434.140015;442.000000;433.640015;435.549988;435.549988;5049300
436.329987;444.890015;435.559998;440.519989;440.519989;5486000
442.000000;444.170013;431.359985;431.820007;431.820007;4598200
435.690002;447.000000;427.269989;438.269989;438.269989;7014600
444.899994;452.380005;432.820007;441.950012;441.950012;9007500
440.700012;455.000000;437.510010;454.190002;454.190002;7244000
451.160004;456.359985;443.350006;452.579987;452.579987;7773500
453.399994;458.970001;450.470001;451.040009;451.040009;4810500
454.250000;455.809998;444.000000;447.670013;447.670013;5607300
448.559998;448.959991;430.250000;436.250000;436.250000;9117300
437.000000;439.089996;427.179993;429.320007;429.320007;5422300
427.769989;428.500000;413.140015;414.769989;414.769989;7881100
410.380005;420.019989;397.859985;419.890015;419.890015;10446300
417.239990;422.369995;411.500000;413.440002;413.440002;5655100
417.459991;420.299988;411.850006;419.730011;419.730011;5254900
418.829987;426.720001;415.980011;425.920013;425.920013;3743700
425.869995;427.589996;419.459991;427.309998;427.309998;3494800
426.950012;427.100006;418.049988;421.970001;421.970001;4316000
422.390015;428.709991;410.029999;414.329987;414.329987;5410500
407.290009;420.239990;404.250000;419.600006;419.600006;5099600
416.000000;420.799988;406.500000;419.489990;419.489990;5851500
421.649994;434.730011;420.309998;434.049988;434.049988;6797000
436.000000;439.690002;430.549988;434.480011;434.480011;4896900
428.200012;445.570007;424.160004;425.559998;425.559998;7462900
429.000000;434.059998;412.450012;418.070007;418.070007;6461100
421.399994;426.489990;415.420013;425.500000;425.500000;4467900
425.760010;437.959991;425.179993;436.130005;436.130005;5507900
441.820007;450.459991;439.220001;447.769989;447.769989;6529600
448.730011;452.760010;442.799988;449.869995;449.869995;4277600
449.119995;453.970001;445.600006;453.720001;453.720001;5934500
455.010010;468.589996;454.209991;468.040009;468.040009;6272100
466.500000;474.010010;464.500000;466.260010;466.260010;5948400
468.540009;472.359985;454.000000;457.850006;457.850006;4826200
458.859985;467.010010;454.000000;465.910004;465.910004;4134500
466.390015;468.029999;442.239990;443.399994;443.399994;6804700
445.230011;447.670013;432.140015;447.239990;447.239990;4844000
450.019989;457.589996;447.000000;455.040009;455.040009;4198500
454.000000;488.230011;454.000000;485.640015;485.640015;9705900
485.640015;492.279999;475.529999;476.890015;476.890015;6351500
480.769989;499.500000;479.799988;493.809998;493.809998;7839000
497.309998;504.820007;490.829987;493.160004;493.160004;5669900
498.579987;505.100006;493.809998;502.779999;502.779999;5691700
508.399994;510.000000;495.779999;507.760010;507.760010;5840500
519.729980;555.880005;511.279999;548.729980;548.729980;21605600
567.979980;575.369995;520.960022;525.500000;525.500000;18399000
517.080017;525.500000;490.489990;524.880005;524.880005;15083300
516.299988;529.000000;510.179993;523.260010;523.260010;10066700
526.479980;535.539978;504.359985;527.390015;527.390015;24499000
494.869995;503.589996;484.140015;492.989990;492.989990;24991400
489.140015;504.500000;484.200012;502.410004;502.410004;11940300
506.000000;506.220001;488.609985;490.100006;490.100006;9113700
492.190002;497.200012;487.200012;489.820007;489.820007;6954100
491.130005;491.899994;472.019989;477.579987;477.579987;7722000
468.769989;487.170013;467.540009;480.450012;480.450012;7746200
484.510010;496.920013;482.309998;495.649994;495.649994;7863100
496.019989;497.790009;487.760010;488.510010;488.510010;5986700
492.250000;494.920013;484.130005;484.480011;484.480011;6611800
480.709991;488.350006;477.510010;485.799988;485.799988;6608600
488.290009;494.799988;484.500000;488.880005;488.880005;5916300
490.859985;503.089996;490.230011;498.619995;498.619995;5873100
498.649994;510.440002;498.649994;509.640015;509.640015;5608000
508.679993;510.100006;501.200012;502.109985;502.109985;4308200
504.109985;510.820007;498.700012;509.079987;509.079987;3725900
505.450012;508.290009;486.679993;494.730011;494.730011;5910300
493.350006;497.459991;478.630005;483.380005;483.380005;4691200
479.750000;480.920013;466.549988;466.929993;466.929993;7329200
471.339996;482.489990;470.179993;475.470001;475.470001;5439200
478.399994;484.450012;476.450012;481.329987;481.329987;3008900
482.820007;488.329987;480.209991;482.679993;482.679993;2943500
484.190002;486.239990;479.100006;482.350006;482.350006;2423500
484.350006;495.299988;482.799988;491.869995;491.869995;3505500
493.929993;494.500000;483.500000;484.529999;484.529999;3156200
484.690002;498.940002;483.890015;497.899994;497.899994;5132500
496.459991;498.130005;490.000000;492.309998;492.309998;3921300
495.440002;501.000000;483.160004;488.809998;488.809998;4762200
488.190002;492.470001;485.089996;490.579987;490.579987;5727700
492.500000;549.039978;492.079987;547.530029;547.530029;20373700
537.780029;541.000000;521.250000;526.270020;526.270020;9062900
532.000000;539.000000;522.000000;523.890015;523.890015;4417500
521.159973;531.989990;517.580017;529.559998;529.559998;4941400
532.599976;557.390015;532.450012;556.549988;556.549988;9572700
553.780029;556.500000;537.369995;552.840027;552.840027;5886900
545.000000;554.000000;521.320007;525.750000;525.750000;9071100
520.179993;527.359985;485.980011;516.049988;516.049988;8270100
498.399994;522.000000;495.000000;507.019989;507.019989;5572700
519.210022;520.000000;492.570007;500.190002;500.190002;6848100
503.350006;506.290009;478.839996;480.670013;480.670013;6240200
486.489990;493.730011;476.809998;482.029999;482.029999;5035200
480.619995;488.989990;471.299988;476.260010;476.260010;7359100
484.000000;497.470001;481.630005;495.989990;495.989990;5337000
499.989990;504.660004;483.309998;483.859985;483.859985;4394900
475.160004;478.399994;463.269989;470.200012;470.200012;5379300
472.510010;479.399994;458.600006;469.959991;469.959991;6717700
467.690002;487.779999;466.320007;487.350006;487.350006;5457500
489.010010;491.820007;479.260010;491.170013;491.170013;3482300
491.040009;491.040009;469.000000;470.609985;470.609985;3726400
470.529999;477.000000;467.820007;473.079987;473.079987;3727200
474.390015;484.869995;468.029999;482.880005;482.880005;3769400
489.109985;492.000000;477.880005;490.649994;490.649994;4773500
489.500000;496.290009;486.529999;493.480011;493.480011;3541500
492.570007;504.630005;489.269989;500.029999;500.029999;4634100
506.029999;529.549988;503.600006;527.510010;527.510010;8153700
516.429993;526.369995;502.700012;503.059998;503.059998;6071200
506.799988;520.989990;501.700012;520.650024;520.650024;4088100
518.719971;521.820007;504.160004;505.869995;505.869995;4199000
518.000000;536.489990;515.820007;534.659973;534.659973;7988700
533.479980;535.000000;524.150024;531.789978;531.789978;5386500
537.830017;544.280029;535.000000;539.440002;539.440002;4781300
548.809998;551.809998;538.239990;539.809998;539.809998;5391100
540.559998;557.650024;537.200012;554.090027;554.090027;5602500
562.609985;572.489990;541.000000;541.450012;541.450012;9499000
545.520020;551.219971;535.099976;541.940002;541.940002;5113100
549.500000;554.330017;530.030029;530.789978;530.789978;6347400
537.070007;541.799988;525.380005;530.719971;530.719971;7567500
528.140015;533.780029;522.260010;525.419983;525.419983;10047200
501.029999;506.850006;488.250000;489.049988;489.049988;17405700
494.690002;495.140015;482.000000;485.230011;485.230011;6997900
488.109985;490.059998;481.350006;488.279999;488.279999;4927900
487.029999;496.820007;478.899994;488.239990;488.239990;6186100
490.010010;490.489990;482.929993;488.929993;488.929993;3627200
486.359985;494.000000;483.279999;486.239990;486.239990;5992700
488.500000;513.900024;479.339996;504.209991;504.209991;11120700
502.010010;505.880005;472.209991;475.739990;475.739990;7807900
478.869995;486.299988;475.000000;484.119995;484.119995;4408200
484.929993;495.309998;478.760010;487.220001;487.220001;3690200
495.359985;507.730011;493.980011;496.950012;496.950012;5137300
506.559998;518.729980;503.450012;513.760010;513.760010;5372800
515.000000;515.210022;502.510010;514.729980;514.729980;4236300
485.540009;495.850006;467.260010;470.500000;470.500000;10419700
470.950012;484.600006;463.410004;480.239990;480.239990;8306100
483.000000;491.679993;478.260010;490.760010;490.760010;5460500
491.000000;496.519989;480.429993;486.769989;486.769989;5063700
486.769989;488.940002;477.799988;482.839996;482.839996;3002700
480.000000;485.579987;477.299988;479.100006;479.100006;3953600
480.119995;487.510010;478.850006;480.630005;480.630005;3698100
481.950012;488.609985;477.720001;481.790009;481.790009;3629200
482.000000;487.799988;480.470001;484.670013;484.670013;2254700
485.220001;494.760010;481.570007;488.239990;488.239990;4253400
490.459991;491.149994;475.839996;476.619995;476.619995;5416600
478.839996;484.049988;475.890015;482.880005;482.880005;3550500
485.130005;486.899994;478.920013;485.000000;485.000000;3598600
486.579987;493.250000;481.850006;491.359985;491.359985;2805800
490.079987;492.549988;481.269989;490.700012;490.700012;3530900
492.339996;509.470001;491.980011;504.579987;504.579987;5052700
501.619995;506.799988;493.500000;503.380005;503.380005;3028400
502.989990;508.769989;496.040009;497.519989;497.519989;2826100
497.500000;504.500000;493.640015;498.309998;498.309998;3666200
500.010010;517.760010;497.769989;515.780029;515.780029;4289300
517.900024;521.489990;505.549988;512.659973;512.659973;4229000
510.529999;514.500000;491.290009;493.600006;493.600006;4178800
494.559998;503.769989;492.910004;501.089996;501.089996;3018200
495.000000;503.339996;494.850006;503.220001;503.220001;3210900
505.440002;524.159973;501.179993;522.419983;522.419983;5770400
518.500000;524.700012;513.559998;519.780029;519.780029;3394900
520.109985;527.380005;517.690002;524.830017;524.830017;3682400
529.000000;535.489990;526.440002;532.900024;532.900024;3193400
533.200012;536.369995;526.020020;534.450012;534.450012;4502700
530.049988;532.619995;521.150024;528.909973;528.909973;3894000
527.690002;530.400024;520.500000;527.330017;527.330017;1906600
524.760010;526.320007;514.200012;514.479980;514.479980;2393200
515.119995;519.349976;512.210022;513.969971;513.969971;1144000
516.429993;523.659973;507.130005;519.119995;519.119995;2891900
519.900024;536.549988;515.479980;530.869995;530.869995;4022400
530.130005;533.260010;523.690002;524.590027;524.590027;1876300
525.530029;545.500000;523.150024;540.729980;540.729980;5392300
539.000000;540.799988;515.090027;522.859985;522.859985;4444400
521.549988;526.780029;515.890015;520.799988;520.799988;3133900
511.970001;513.099976;499.500000;500.489990;500.489990;5346200
508.279999;516.440002;506.420013;508.890015;508.890015;3686400
511.309998;513.239990;504.510010;510.399994;510.399994;2973900
507.839996;510.730011;497.950012;499.100006;499.100006;3806200
500.000000;501.089996;485.670013;494.250000;494.250000;5990400
495.500000;512.349976;493.010010;507.790009;507.790009;5032100
507.350006;514.500000;499.579987;500.859985;500.859985;4177400
500.000000;506.320007;495.100006;497.980011;497.980011;5895800
501.000000;509.250000;493.540009;501.769989;501.769989;12315800
565.419983;593.289978;556.859985;586.340027;586.340027;32637500
582.450012;588.750000;570.400024;579.840027;579.840027;11802100
582.099976;583.989990;564.349976;565.169983;565.169983;7550800
567.000000;569.750000;548.650024;556.780029;556.780029;7207300
554.729980;567.989990;554.059998;561.929993;561.929993;5023800
550.710022;556.419983;515.729980;523.280029;523.280029;8670300
535.880005;553.150024;530.739990;538.599976;538.599976;5969000
538.000000;541.000000;530.179993;532.390015;532.390015;4325300
536.789978;545.059998;531.729980;539.039978;539.039978;3547500
542.010010;555.479980;538.929993;548.159973;548.159973;3767600
550.169983;550.479980;538.239990;539.450012;539.450012;3172300
539.809998;559.479980;537.510010;552.159973;552.159973;5164500
552.260010;554.440002;545.479980;550.789978;550.789978;2376200
555.000000;555.000000;543.700012;547.919983;547.919983;2791700
546.000000;566.000000;543.000000;559.070007;559.070007;3703500
562.500000;566.650024;553.460022;563.590027;563.590027;3991300
564.440002;565.929993;554.219971;557.590027;557.590027;2730600
556.940002;561.250000;550.849976;556.520020;556.520020;2197100
557.289978;563.630005;552.729980;557.280029;557.280029;2624100
550.989990;555.250000;543.030029;551.340027;551.340027;2069600
549.000000;550.000000;538.229980;548.219971;548.219971;2456200
548.000000;548.989990;538.809998;540.219971;540.219971;2841500
534.989990;541.789978;530.789978;533.780029;533.780029;3078600
525.000000;548.539978;518.280029;546.150024;546.150024;4136500
539.799988;556.849976;539.070007;553.409973;553.409973;3245000
550.270020;556.479980;535.750000;546.700012;546.700012;4252900
546.510010;553.090027;538.000000;538.849976;538.849976;3755600
545.570007;552.140015;542.000000;550.640015;550.640015;3041400
553.340027;556.989990;546.020020;547.820007;547.820007;3042200
545.929993;548.010010;517.809998;520.700012;520.700012;5362400
521.500000;531.500000;507.679993;511.290009;511.290009;5034800
511.980011;517.760010;498.790009;516.390015;516.390015;5070000
514.460022;518.840027;492.850006;493.329987;493.329987;3981800
507.309998;513.109985;503.820007;506.440002;506.440002;3470000
513.500000;518.969971;504.250000;504.540009;504.540009;3771500
512.200012;530.239990;510.709991;523.059998;523.059998;4714500
512.500000;526.510010;506.589996;518.020020;518.020020;3981700
516.320007;520.729980;508.029999;520.250000;520.250000;3484300
524.469971;533.419983;523.210022;524.030029;524.030029;3238900
522.000000;528.369995;514.299988;524.440002;524.440002;2817400
516.400024;517.900024;503.850006;504.790009;504.790009;4094500
504.959991;513.190002;501.630005;512.179993;512.179993;4386400
509.130005;529.309998;509.130005;523.109985;523.109985;3360600
529.869995;543.119995;529.400024;535.090027;535.090027;5583500
533.780029;534.419983;520.000000;520.809998;520.809998;4102200
516.989990;518.530029;497.000000;502.859985;502.859985;4926800
502.820007;508.720001;496.679993;508.049988;508.049988;3467800
505.660004;518.000000;504.399994;513.950012;513.950012;3330000
510.510010;514.409973;506.910004;513.390015;513.390015;2418100
515.669983;528.130005;515.440002;521.659973;521.659973;3503100
529.929993;540.500000;527.030029;539.419983;539.419983;3938600
540.010010;542.849976;529.229980;540.669983;540.669983;3355900
544.809998;554.169983;543.299988;544.530029;544.530029;3474200
543.500000;549.640015;541.450012;546.989990;546.989990;2151300
551.130005;556.900024;547.570007;554.580017;554.580017;4309800
552.690002;556.900024;547.109985;555.309998;555.309998;2894000
551.049988;557.979980;549.580017;552.780029;552.780029;2944100
557.000000;559.750000;550.299988;553.729980;553.729980;2720300
554.869995;554.869995;538.530029;540.020020;540.020020;3740300
544.169983;553.489990;542.659973;549.219971;549.219971;3139100
550.539978;551.979980;539.510010;546.539978;546.539978;3209100
546.900024;556.440002;545.530029;554.440002;554.440002;4288700
554.419983;563.559998;546.299988;549.570007;549.570007;11257600
508.000000;515.460022;503.600006;508.899994;508.899994;22897400
513.820007;513.960022;500.549988;508.779999;508.779999;9061100
509.010010;509.700012;500.700012;505.549988;505.549988;7307700
506.760010;510.480011;503.000000;510.299988;510.299988;4388800
512.619995;512.989990;504.579987;505.549988;505.549988;3761300
505.200012;508.399994;503.339996;506.519989;506.519989;3193000
507.600006;509.290009;499.000000;509.000000;509.000000;5127800
505.000000;514.549988;505.000000;513.469971;513.469971;4413200
512.650024;518.950012;505.200012;509.109985;509.109985;4091900
510.779999;511.630005;496.790009;503.179993;503.179993;4349500
504.989990;507.779999;494.630005;496.079987;496.079987;3129400
495.989990;499.549988;491.369995;499.549988;499.549988;3783700
504.619995;508.549988;501.119995;503.839996;503.839996;3132800
502.000000;503.149994;486.109985;486.690002;486.690002;5131600
479.750000;497.989990;478.630005;495.079987;495.079987;4401000
486.829987;493.540009;482.700012;484.980011;484.980011;4121500
489.130005;490.779999;482.709991;486.660004;486.660004;2712500
487.859985;494.850006;486.589996;493.369995;493.369995;2882500
485.589996;492.709991;482.809998;488.940002;488.940002;2705200
488.399994;493.480011;486.190002;486.279999;486.279999;2350500
481.630005;488.570007;478.540009;487.700012;487.700012;3349900
489.549988;502.700012;488.980011;501.670013;501.670013;3721200
503.119995;505.399994;497.260010;497.890015;497.890015;3322900
501.049988;504.250000;499.510010;502.899994;502.899994;2412600
506.000000;506.369995;499.220001;501.339996;501.339996;2699500
502.339996;504.140015;500.500000;502.359985;502.359985;2465300
501.799988;505.100006;498.540009;503.859985;503.859985;3253800
504.399994;511.760010;502.529999;502.809998;502.809998;2910300
504.010010;505.410004;497.739990;499.079987;499.079987;2482600
499.820007;503.220001;495.820007;499.239990;499.239990;2269000
495.190002;496.660004;487.250000;489.429993;489.429993;3887400
492.000000;501.859985;490.950012;494.739990;494.739990;3160500
492.920013;496.700012;490.549988;494.660004;494.660004;2791900
497.000000;498.820007;489.369995;492.390015;492.390015;2374000
494.500000;496.089996;484.649994;485.809998;485.809998;3055000
487.170013;490.209991;482.140015;487.269989;487.269989;4382900
490.000000;491.410004;487.779999;488.769989;488.769989;3124000
489.679993;503.500000;486.910004;499.890015;499.890015;4400200
501.230011;501.230011;490.399994;491.899994;491.899994;3104100
495.000000;496.459991;486.279999;492.410004;492.410004;3533200
490.250000;501.799988;490.149994;498.339996;498.339996;3198300
496.399994;504.489990;495.239990;500.769989;500.769989;5197600
501.640015;502.049988;492.279999;497.000000;497.000000;5277300
498.540009;513.549988;495.799988;508.820007;508.820007;5809300
508.480011;516.630005;508.200012;512.739990;512.739990;3944800
517.960022;520.960022;514.400024;518.059998;518.059998;3361200
528.840027;533.059998;525.000000;527.070007;527.070007;5299100
528.119995;533.940002;524.559998;533.030029;533.030029;2820200
533.549988;536.130005;528.570007;533.500000;533.500000;2314600
534.059998;534.380005;526.820007;528.210022;528.210022;2773400
525.719971;537.039978;525.719971;533.539978;533.539978;2805400
535.500000;538.539978;529.390015;533.979980;533.979980;1975500
533.000000;542.859985;533.000000;541.640015;541.640015;2775100
544.239990;544.640015;531.659973;535.960022;535.960022;2722500
530.929993;535.500000;529.090027;530.760010;530.760010;3269000
531.000000;538.260010;528.580017;535.979980;535.979980;2777200
540.299988;540.650024;532.919983;537.309998;537.309998;1780700
535.760010;545.330017;535.760010;540.679993;540.679993;2751600
541.010010;554.099976;541.010010;547.950012;547.950012;4659500
553.969971;557.539978;538.200012;542.950012;542.950012;5713900
541.809998;544.059998;527.049988;530.309998;530.309998;3442100
526.049988;534.909973;522.239990;532.280029;532.280029;3885800
526.070007;536.640015;520.299988;531.049988;531.049988;6930400
526.130005;530.989990;505.609985;513.630005;513.630005;11906800
510.209991;513.679993;507.000000;511.769989;511.769989;4328100
512.159973;517.409973;504.660004;515.409973;515.409973;3820500
514.380005;521.130005;509.010010;516.489990;516.489990;2254500
518.080017;521.950012;512.049988;518.909973;518.909973;2759000
521.820007;524.469971;516.979980;519.299988;519.299988;2390500
519.960022;520.780029;513.789978;514.250000;514.250000;1736000
512.690002;519.789978;510.959991;517.570007;517.570007;2534900
519.000000;519.849976;510.510010;515.150024;515.150024;2096600
514.390015;515.630005;505.369995;510.820007;510.820007;2579400
513.000000;517.979980;510.369995;517.349976;517.349976;2039400
517.130005;525.409973;514.020020;524.890015;524.890015;2556700
524.000000;526.840027;519.390015;520.549988;520.549988;1919400
521.150024;522.669983;517.989990;519.969971;519.969971;1367800
520.000000;520.789978;512.969971;515.840027;515.840027;1960500
517.000000;519.570007;509.769989;512.400024;512.400024;1673900
511.859985;513.000000;507.200012;510.720001;510.720001;1685700
512.640015;521.440002;511.510010;515.919983;515.919983;2176300
515.239990;523.380005;512.299988;517.919983;517.919983;2032800
515.469971;520.789978;514.200012;518.909973;518.909973;2309800
520.000000;526.380005;518.650024;521.869995;521.869995;2582000
522.739990;548.390015;521.869995;543.710022;543.710022;7497300
545.090027;551.390015;539.099976;546.880005;546.880005;3774300
545.979980;555.549988;543.739990;553.330017;553.330017;2602000
551.479980;555.309998;549.270020;553.409973;553.409973;2109500
550.159973;552.840027;545.450012;547.580017;547.580017;2065600
546.159973;552.599976;545.900024;550.119995;550.119995;1595500
551.599976;564.169983;549.250000;558.919983;558.919983;3251100
557.250000;567.159973;556.450012;566.179993;566.179993;2434800
566.119995;569.479980;561.609985;569.190002;569.190002;2431900
569.000000;591.000000;569.000000;582.070007;582.070007;5626200
583.679993;598.760010;583.679993;588.549988;588.549988;6179900
585.799988;591.880005;583.140015;590.530029;590.530029;2681200
594.690002;613.849976;593.989990;606.710022;606.710022;5821400
603.840027;615.599976;595.710022;606.049988;606.049988;5424500
606.469971;609.440002;596.549988;597.539978;597.539978;2954200
598.159973;609.450012;593.669983;598.719971;598.719971;3948000
598.570007;598.570007;582.780029;589.289978;589.289978;3062900
584.890015;587.280029;575.559998;577.760010;577.760010;3457000
578.169983;584.619995;575.369995;582.869995;582.869995;2755600
584.299988;587.479980;577.719971;586.500000;586.500000;1832000
587.849976;590.280029;580.849976;589.349976;589.349976;4145100
586.789978;591.530029;568.080017;575.429993;575.429993;3732200
578.309998;581.880005;569.369995;573.140015;573.140015;2250900
579.690002;595.650024;579.690002;590.650024;590.650024;4021800
590.789978;599.320007;589.130005;593.260010;593.260010;2526200
592.500000;592.979980;583.640015;592.390015;592.390015;2126200
587.950012;593.580017;576.929993;592.640015;592.640015;2504700
589.000000;599.539978;580.159973;583.849976;583.849976;4431100
589.010010;609.880005;588.010010;599.059998;599.059998;6221000
608.049988;619.000000;608.049988;610.340027;610.340027;6612600
604.239990;614.989990;597.510010;613.150024;613.150024;4090800
613.390015;626.130005;594.679993;603.349976;603.349976;4995900
606.940002;640.390015;606.890015;634.809998;634.809998;9534300
628.179993;639.869995;626.359985;639.099976;639.099976;4580400
642.229980;646.840027;630.450012;631.849976;631.849976;3556900
634.169983;643.799988;630.859985;632.659973;632.659973;3271100
633.200012;639.419983;626.780029;627.039978;627.039978;2862500
633.020020;637.659973;621.989990;624.940002;624.940002;3227300
632.179993;632.179993;622.099976;629.760010;629.760010;2420300
632.229980;636.880005;626.789978;633.799988;633.799988;2671700
638.000000;639.419983;625.159973;628.289978;628.289978;4114400
632.099976;638.409973;620.590027;637.969971;637.969971;4669100
636.969971;641.000000;632.299988;639.000000;639.000000;7633100
625.570007;637.400024;617.150024;625.140015;625.140015;10622000
628.890015;654.010010;628.650024;653.159973;653.159973;8437100
651.809998;665.460022;651.809998;664.780029;664.780029;6186000
663.739990;675.880005;657.070007;671.659973;671.659973;3833500
673.760010;676.489990;662.770020;668.520020;668.520020;2904800
669.000000;671.409973;661.849976;662.919983;662.919983;2276900
670.950012;676.799988;668.030029;674.049988;674.049988;2859400
673.059998;690.969971;671.239990;690.309998;690.309998;3817500
689.059998;689.969971;676.539978;681.169983;681.169983;3110900
683.109985;687.679993;673.820007;677.719971;677.719971;3888600
677.270020;689.390015;677.270020;688.289978;688.289978;2334900
685.890015;685.940002;665.500000;668.400024;668.400024;4865000
663.969971;665.640015;645.010010;645.719971;645.719971;5277400
650.289978;656.000000;643.789978;651.450012;651.450012;2887500
653.700012;660.500000;650.520020;655.989990;655.989990;2415600
653.010010;660.330017;642.109985;646.909973;646.909973;2405800
650.239990;665.820007;649.710022;657.580017;657.580017;2868300
660.010010;683.340027;653.820007;682.609985;682.609985;4192700
681.239990;685.260010;671.489990;679.330017;679.330017;2872200
678.270020;688.359985;676.900024;687.400024;687.400024;2077400
690.000000;700.989990;686.090027;691.690002;691.690002;2732800
691.609985;691.739990;679.739990;682.020020;682.020020;2012900
692.349976;694.159973;675.000000;678.799988;678.799988;2613700
676.020020;679.479980;656.469971;659.200012;659.200012;2764400
658.179993;666.429993;646.049988;654.059998;654.059998;2320200
658.010010;661.440002;651.099976;658.289978;658.289978;1867300
675.000000;676.409973;660.669983;665.640015;665.640015;2872500
663.200012;667.989990;658.289978;663.840027;663.840027;2529400
668.200012;675.380005;640.010010;641.900024;641.900024;5608900
649.479980;654.520020;617.070007;617.770020;617.770020;3882800
617.099976;625.359985;612.880005;616.469971;616.469971;3331100
622.750000;625.500000;594.000000;602.130005;602.130005;4825200
606.010010;617.289978;601.000000;612.690002;612.690002;3075700
619.830017;628.890015;611.400024;625.580017;625.580017;3125200
630.000000;632.460022;623.200012;628.080017;628.080017;2220300
627.580017;630.239990;610.440002;611.000000;611.000000;2376300
616.780029;617.739990;605.880005;611.659973;611.659973;2747900
612.000000;612.640015;599.520020;604.559998;604.559998;2517900
598.710022;602.289978;588.130005;597.989990;597.989990;2984500
598.179993;605.690002;584.510010;605.039978;605.039978;2866200
597.090027;602.830017;588.000000;591.059998;591.059998;3143200
591.609985;593.250000;581.739990;586.729980;586.729980;4386900
586.429993;602.880005;584.260010;593.739990;593.739990;3358400
597.539978;607.820007;593.859985;604.919983;604.919983;2319400
603.359985;614.820007;602.630005;614.239990;614.239990;2335700
616.400024;616.880005;607.570007;614.090027;614.090027;1621100
615.000000;615.000000;609.250000;613.119995;613.119995;2061500
614.950012;618.409973;609.690002;610.710022;610.710022;1882800
610.710022;613.979980;604.679993;610.539978;610.539978;1287200
612.989990;620.609985;611.239990;612.090027;612.090027;1625100
610.010010;614.080017;602.049988;602.440002;602.440002;1995900
605.609985;609.989990;590.559998;597.369995;597.369995;3067500
599.909973;600.409973;581.599976;591.150024;591.150024;4393100
592.000000;592.840027;566.880005;567.520020;567.520020;4148700
554.340027;563.359985;542.010010;553.289978;553.289978;5711800
549.460022;553.429993;538.219971;541.059998;541.059998;3381700
538.489990;543.690002;526.320007;539.849976;539.849976;4486100
536.989990;543.909973;530.070007;540.840027;540.840027;3077800
544.270020;544.270020;532.020020;537.219971;537.219971;3787400
537.059998;540.789978;518.260010;519.200012;519.200012;4475100
517.599976;538.369995;511.880005;525.690002;525.690002;7849400
520.080017;521.750000;508.679993;510.799988;510.799988;4839100
515.000000;523.210022;510.510010;515.859985;515.859985;4353500
517.750000;526.640015;506.929993;508.250000;508.250000;12659000
400.429993;409.149994;379.989990;397.500000;397.500000;58904300
383.910004;387.260010;351.459991;387.149994;387.149994;32346000
379.140015;387.709991;365.130005;366.420013;366.420013;15145800
378.269989;382.660004;356.619995;359.700012;359.700012;12684000
382.059998;394.799988;378.100006;386.700012;386.700012;24324700
386.760010;387.000000;372.079987;384.359985;384.359985;11966600
401.970001;427.700012;398.200012;427.140015;427.140015;20047500
432.959991;458.480011;425.540009;457.130005;457.130005;22542300
448.250000;451.980011;426.480011;429.480011;429.480011;14346000
421.440002;429.260010;404.279999;405.600006;405.600006;9905200
407.309998;412.769989;396.640015;410.170013;410.170013;7782400